username,firstname,lastname,email,password
estudiante001,Maria,Sanchez,s1@example.com,a
estudiante002,Carlos,Perez,s2@example.com,a
estudiante003,Laura,Gonzales,s3@example.com,a
estudiante004,Leny,Gonzalex,s4@example.com,a
estudiante005,Robert,Gonzalez,s5@example.com,a
estudiante006,Norby,Miu,s6@example.com,a
estudiante007,Daniel,Perroti,s7@example.com,a
estudiante008,Coloso,Patyernoste,s8@example.com,a
estudiante009,Kiko,Lokoto,s9@example.com,a
estudiante010,Michi,Marckote,s10@example.com,a
estudiante011,Tony,Lee,s11@example.com,a
estudiante012,Daniela,Tomson,s12@example.com,a
estudiante013,Andrea,Andersen,s13@example.com,a
estudiante014,Carlitos,Kiw,s14@example.com,a
estudiante015,Sergio,Szuye,s15@example.com,a
estudiante016,Yony,Strunger,s16@example.com,a
estudiante017,Brenda,Boltzmann,s17@example.com,a
estudiante018,Li,Feynmann,s18@example.com,a
estudiante019,To,Bern,s19@example.com,a
estudiante020,Gra,Sanders,s20@example.com,a
